<?xml version="1.0" encoding="UTF-8"?>
<Profiles>
   <Profile>
      <entity>Profile</entity>
      <id>0po01NOCVTCBZUJCg3ej</id>
      <name>Payer</name>
      <type>7</type>
     
   </Profile>
   <Profile>
     
      <entity>Profile</entity>
      <id>0po01VRUJMBGVCWTg3ef</id>
      <name>Administrator</name>
      <type>2</type>
     
   </Profile>
   <Profile>
     
      <entity>Profile</entity>
      <id>0po01XQKUHLOHQRBg3eh</id>
      <name>Approver</name>
      <type>4</type>
     
   </Profile>
   <Profile>
      
      
      <entity>Profile</entity>
      <id>0po01YLPMWABNROJg3eg</id>
      <name>Clerk</name>
      <type>3</type>
      
   </Profile>
   <Profile>
      
      
      <entity>Profile</entity>
      <id>0po01ZTMJEMYPIWGg3ei</id>
      <name>Accountant</name>
      <type>5</type>
      
   </Profile>
</Profiles>