{
  "appId": "b718c8ce-6403-41c1-b0b7-779314cdd120",
  "appRoles": [],
  "availableToOtherTenants": false,
  "displayName": "WebApp-O365.Office365App",
  "errorUrl": null,
  "groupMembershipClaims": null,
  "homepage": "https://localhost:44304/",
  "identifierUris": [
    "https://13758434-eb80-4d4c-9f4b-4c35f84a0235/ContactAPI"
  ],
  "keyCredentials": [
    {
      "customKeyIdentifier": "oTrZ7bM2tKyfVgPDWRh8DCZLhoQ=",
      "endDate": "2027-04-12T17:59:00Z",
      "keyId": "91a13b8a-1662-4a21-8127-b8a38b46cae6",
      "startDate": "2017-04-11T17:59:00Z",
      "type": "AsymmetricX509Cert",
      "usage": "Verify",
      "value": null
    }
  ],
  "knownClientApplications": [],
  "logoutUrl": null,
  "oauth2AllowImplicitFlow": true,
  "oauth2AllowUrlPathMatching": false,
  "oauth2Permissions": [
    {
      "adminConsentDescription": "Allow the application to access WebApp-O365 on behalf of the signed-in user.",
      "adminConsentDisplayName": "Access WebApp-O365",
      "id": "18f2afcd-ce54-45ae-a562-0e5dbb70ecdb",
      "isEnabled": true,
      "type": "User",
      "userConsentDescription": "Allow the application to access WebApp-O365 on your behalf.",
      "userConsentDisplayName": "Access WebApp-O365",
      "value": "user_impersonation"
    }
  ],
  "oauth2RequiredPostResponse": false,
  "objectId": "4f313806-2773-4b2d-9f57-ddce323d7e4a",
  "passwordCredentials": [
    {
      "customKeyIdentifier": "VABlAHMAdAA=",
      "endDate": "2299-12-30T18:30:00Z",
      "keyId": "6aab24e3-9f48-4ba9-8c88-7e78b74d3e90",
      "startDate": "2017-04-10T16:17:50.4205247Z",
      "value": null
    },
    {
      "customKeyIdentifier": null,
      "endDate": "2018-04-10T12:15:57.8828828Z",
      "keyId": "c0db9376-331d-4e06-aa6d-1042ed6f12d3",
      "startDate": "2017-04-10T12:15:57.8818819Z",
      "value": null
    }
  ],
  "publicClient": false,
  "supportsConvergence": false,
  "replyUrls": [
    "https://localhost:44304/"
  ],
  "requiredResourceAccess": [
    {
      "resourceAppId": "00000003-0000-0000-c000-000000000000",
      "resourceAccess": [
        {
          "id": "7e05723c-0bb0-42da-be95-ae9f08a6e53c",
          "type": "Role"
        },
        {
          "id": "09850681-111b-4a89-9bed-3f2cae46d706",
          "type": "Role"
        },
        {
          "id": "40f97065-369a-49f4-947c-6a255697ae91",
          "type": "Role"
        },
        {
          "id": "01d4889c-1287-42c6-ac1f-5d1e02578ef6",
          "type": "Role"
        },
        {
          "id": "75359482-378d-4052-8f01-80520e7db3cd",
          "type": "Role"
        },
        {
          "id": "230c1aed-a721-4c5d-9cb4-a90514e508ef",
          "type": "Role"
        },
        {
          "id": "658aa5d8-239f-45c4-aa12-864f4fc7e490",
          "type": "Role"
        },
        {
          "id": "810c84a8-4a9e-49e6-bf7d-12d183f40d01",
          "type": "Role"
        },
        {
          "id": "e2a3a72e-5f79-4c64-b1b1-878b674786c9",
          "type": "Role"
        },
        {
          "id": "b633e1c5-b582-4048-a93e-9f11b44c7e96",
          "type": "Role"
        },
        {
          "id": "798ee544-9d2d-430c-a058-570e29e34338",
          "type": "Role"
        },
        {
          "id": "ef54d2bf-783f-4e0f-bca1-3210c0444d99",
          "type": "Role"
        },
        {
          "id": "089fe4d0-434a-44c5-8827-41ba8a0b17f5",
          "type": "Role"
        },
        {
          "id": "6918b873-d17a-4dc1-b314-35f528134491",
          "type": "Role"
        },
        {
          "id": "5b567255-7703-4780-807c-7be8301ae99b",
          "type": "Role"
        },
        {
          "id": "62a82d76-70ea-41e2-9197-370581804d09",
          "type": "Role"
        },
        {
          "id": "7ab1d382-f21e-4acd-a863-ba3e13f7da61",
          "type": "Role"
        },
        {
          "id": "19dbc75e-c2e2-444c-a770-ec69d8559fc7",
          "type": "Role"
        },
        {
          "id": "1138cb37-bd11-4084-a2b7-9f71582aeddb",
          "type": "Role"
        },
        {
          "id": "19dbc75e-c2e2-444c-a770-ec69d8559fc7",
          "type": "Role"
        },
        {
          "id": "5f8c59db-677d-491f-a6b8-5f174b11ec1d",
          "type": "Scope"
        },
        {
          "id": "4e46008b-f24c-477d-8fff-7bb4ec7aafe0",
          "type": "Scope"
        }
      ]
    },
    {
      "resourceAppId": "00000002-0000-0000-c000-000000000000",
      "resourceAccess": [
        {
          "id": "2d05a661-f651-4d57-a595-489c91eda336",
          "type": "Scope"
        },
        {
          "id": "311a71cc-e848-46a1-bdf8-97ff7156d8e6",
          "type": "Scope"
        },
        {
          "id": "cba73afc-7f69-4d86-8450-4978e04ecd1a",
          "type": "Scope"
        },
        {
          "id": "c582532d-9d9e-43bd-a97c-2667a28ce295",
          "type": "Scope"
        },
        {
          "id": "6234d376-f627-4f0f-90e0-dff25c5211a3",
          "type": "Scope"
        },
        {
          "id": "970d6fa6-214a-4a9b-8513-08fad511e2fd",
          "type": "Scope"
        },
        {
          "id": "78c8a3c8-a07e-4b9e-af1b-b5ccab50a175",
          "type": "Scope"
        },
        {
          "id": "5778995a-e1bf-45b8-affa-663a9f3f4d04",
          "type": "Scope"
        },
        {
          "id": "a42657d6-7f20-40e3-b6f0-cee03008a62a",
          "type": "Scope"
        },
        {
          "id": "1cda74f2-2616-4834-b122-5cb1b07f8a59",
          "type": "Role"
        },
        {
          "id": "9728c0c4-a06b-4e0e-8d1b-3d694e8ec207",
          "type": "Role"
        },
        {
          "id": "1138cb37-bd11-4084-a2b7-9f71582aeddb",
          "type": "Role"
        },
        {
          "id": "78c8a3c8-a07e-4b9e-af1b-b5ccab50a175",
          "type": "Role"
        },
        {
          "id": "abefe9df-d5a9-41c6-a60b-27b38eac3efb",
          "type": "Role"
        },
        {
          "id": "5778995a-e1bf-45b8-affa-663a9f3f4d04",
          "type": "Role"
        },
        {
          "id": "824c81eb-e3f8-4ee6-8f6d-de7f50d565b7",
          "type": "Role"
        }
      ]
    },
    {
      "resourceAppId": "00000002-0000-0ff1-ce00-000000000000",
      "resourceAccess": [
        {
          "id": "c21d8660-9de1-4404-85b6-59695921bd8d",
          "type": "Scope"
        },
        {
          "id": "4585ecca-5b47-432f-ac70-e1391e4951ed",
          "type": "Scope"
        },
        {
          "id": "5b9be81f-2977-4d27-8faf-bb43af8fc705",
          "type": "Scope"
        },
        {
          "id": "765f423e-b55d-412e-97e3-13a800c3a537",
          "type": "Scope"
        },
        {
          "id": "bbd1ca91-75e0-4814-ad94-9c5dbbae3415",
          "type": "Scope"
        },
        {
          "id": "da710fc9-1e83-407b-8c5c-09d225031769",
          "type": "Scope"
        },
        {
          "id": "c54cba4f-60fe-4332-b0de-b5990fd1999e",
          "type": "Scope"
        },
        {
          "id": "d6aa6fa9-3360-416a-b8db-021249d58e86",
          "type": "Scope"
        },
        {
          "id": "181aac24-028a-486e-a649-b3742c74ec71",
          "type": "Scope"
        },
        {
          "id": "32253599-e142-4cf0-810d-4827eedd1cfa",
          "type": "Scope"
        },
        {
          "id": "44882612-f346-430a-b938-4f00ee1c77a7",
          "type": "Scope"
        },
        {
          "id": "d660a04c-7b62-4b4c-bea3-89226df00142",
          "type": "Scope"
        },
        {
          "id": "16572339-6149-452b-b084-280b01354687",
          "type": "Scope"
        },
        {
          "id": "b09ec548-3f99-4d0a-859c-c9b7ff53b7a9",
          "type": "Scope"
        },
        {
          "id": "1d894596-c906-42b1-8422-9360440c1c0c",
          "type": "Scope"
        },
        {
          "id": "185758ba-798d-4b72-9e54-429a413a2510",
          "type": "Scope"
        },
        {
          "id": "75767999-c7a8-481e-a6b4-19458e0b30a5",
          "type": "Scope"
        },
        {
          "id": "5eb43c10-865a-4259-960a-83946678f8dd",
          "type": "Scope"
        },
        {
          "id": "e843bc88-e493-446d-a73c-0ded7ff1913f",
          "type": "Scope"
        },
        {
          "id": "140e747e-90d3-4de0-8618-85a0cc7a1129",
          "type": "Scope"
        },
        {
          "id": "ad13ac2e-ad46-4dc0-b7da-249c94395a6d",
          "type": "Scope"
        },
        {
          "id": "089fe4d0-434a-44c5-8827-41ba8a0b17f5",
          "type": "Role"
        },
        {
          "id": "2dfdc6dc-2fa7-4a2c-a922-dbd4f85d17be",
          "type": "Role"
        },
        {
          "id": "d45fa9f8-36e5-4cd2-b601-b063c7cf9ac2",
          "type": "Role"
        },
        {
          "id": "dc890d15-9560-4a4c-9b7f-a736ec74ec40",
          "type": "Role"
        },
        {
          "id": "b633e1c5-b582-4048-a93e-9f11b44c7e96",
          "type": "Role"
        },
        {
          "id": "798ee544-9d2d-430c-a058-570e29e34338",
          "type": "Role"
        },
        {
          "id": "ef54d2bf-783f-4e0f-bca1-3210c0444d99",
          "type": "Role"
        },
        {
          "id": "810c84a8-4a9e-49e6-bf7d-12d183f40d01",
          "type": "Role"
        },
        {
          "id": "e2a3a72e-5f79-4c64-b1b1-878b674786c9",
          "type": "Role"
        },
        {
          "id": "6918b873-d17a-4dc1-b314-35f528134491",
          "type": "Role"
        },
        {
          "id": "f9156939-25cd-4ba8-abfe-7fabcf003749",
          "type": "Role"
        },
        {
          "id": "d36ad51d-15a2-458d-9b3a-16dbe4c51c30",
          "type": "Scope"
        },
        {
          "id": "3d5e9942-27d3-4e96-80b1-696c7a3369c1",
          "type": "Scope"
        },
        {
          "id": "2915e980-bca5-4194-9a3f-71c4ccdbd77b",
          "type": "Scope"
        },
        {
          "id": "3b5f3d61-589b-4a3c-a359-5dd4b5ee5bd5",
          "type": "Scope"
        },
        {
          "id": "b5c79e22-9bf2-42d7-b60d-1b95c11ebc66",
          "type": "Scope"
        },
        {
          "id": "27235839-268c-4d68-a668-351401ff623a",
          "type": "Scope"
        },
        {
          "id": "6223a6d3-53ef-4f8f-982a-895b39483c61",
          "type": "Scope"
        },
        {
          "id": "f9408c03-bd3d-48c4-8bee-17a72d20bd9c",
          "type": "Scope"
        },
        {
          "id": "6222dbab-a24c-4210-9d91-2f47cf565614",
          "type": "Scope"
        },
        {
          "id": "9478ac54-3753-4543-b95a-4fad24978902",
          "type": "Scope"
        },
        {
          "id": "a88daf86-d44d-4077-8258-54131dd44e5d",
          "type": "Scope"
        },
        {
          "id": "ab4f2b77-0b06-4fc1-a9de-02113fc2ab7c",
          "type": "Scope"
        },
        {
          "id": "8af8046f-5694-470f-91e4-d47ad05eda18",
          "type": "Scope"
        },
        {
          "id": "6b49b74d-642f-4417-a6b4-820576845707",
          "type": "Scope"
        },
        {
          "id": "2e83d72d-8895-4b66-9eea-abb43449ab8b",
          "type": "Scope"
        }
      ]
    },
    {
      "resourceAppId": "00000003-0000-0ff1-ce00-000000000000",
      "resourceAccess": [
        {
          "id": "2cfdc887-d7b4-4798-9b33-3d98d6b95dd2",
          "type": "Scope"
        },
        {
          "id": "dd2c8d78-58e1-46d7-82dd-34d411282686",
          "type": "Scope"
        },
        {
          "id": "fbcd29d2-fcca-4405-aded-518d457caae4",
          "type": "Role"
        },
        {
          "id": "d13f72ca-a275-4b96-b789-48ebcc4da984",
          "type": "Role"
        },
        {
          "id": "678536fe-1083-478a-9c59-b99265e6b0d3",
          "type": "Role"
        },
        {
          "id": "9bff6588-13f2-4c48-bbf2-ddab62256b36",
          "type": "Role"
        },
        {
          "id": "2a8d57a5-4090-4a41-bf1c-3c621d2ccad3",
          "type": "Role"
        },
        {
          "id": "c8e3537c-ec53-43b9-bed3-b2bd3617ae97",
          "type": "Role"
        },
        {
          "id": "741f803b-c850-494e-b5df-cde7c675a1ca",
          "type": "Role"
        },
        {
          "id": "df021288-bdef-4463-88db-98f22de89214",
          "type": "Role"
        },
        {
          "id": "0cea5a30-f6f8-42b5-87a0-84cc26822e02",
          "type": "Scope"
        },
        {
          "id": "82866913-39a9-4be7-8091-f4fa781088ae",
          "type": "Scope"
        },
        {
          "id": "56680e0d-d2a3-4ae1-80d8-3c4f2100e3d0",
          "type": "Scope"
        },
        {
          "id": "b3f70a70-8a4b-4f95-9573-d71c496a53f4",
          "type": "Scope"
        },
        {
          "id": "640ddd16-e5b7-4d71-9690-3f4022699ee7",
          "type": "Scope"
        },
        {
          "id": "4e0d77b0-96ba-4398-af14-3baa780278f4",
          "type": "Scope"
        },
        {
          "id": "dd2c8d78-58e1-46d7-82dd-34d411282686",
          "type": "Scope"
        },
        {
          "id": "2cfdc887-d7b4-4798-9b33-3d98d6b95dd2",
          "type": "Scope"
        },
        {
          "id": "82866913-39a9-4be7-8091-f4fa781088ae",
          "type": "Scope"
        },
        {
          "id": "0cea5a30-f6f8-42b5-87a0-84cc26822e02",
          "type": "Scope"
        },
        {
          "id": "1002502a-9a71-4426-8551-69ab83452fab",
          "type": "Scope"
        },
        {
          "id": "59a198b5-0420-45a8-ae59-6da1cb640505",
          "type": "Scope"
        },
        {
          "id": "a468ea40-458c-4cc2-80c4-51781af71e41",
          "type": "Scope"
        }
      ]
    }
  ],
  "samlMetadataUrl": null
}